"","Strain","variable","replicate","value","CFUs","Normalised_counts","col_type"
"1","ESL0185","1","1",0.0519605228060816,6.2e+08,32215524.1397706,"co"
"2","ESL0263","1","1",0.930968258202187,6.2e+08,577200320.085356,"co"
"3","ESL0185","1","2",0.0549521453919776,8.4e+08,46159802.1292612,"co"
"4","ESL0263","1","2",0.944295085493064,8.4e+08,793207871.814174,"co"
"5","ESL0185","1","3",0.107839645415331,1.1e+09,118623609.956864,"co"
"6","ESL0263","1","3",0.891190787130476,1.1e+09,980309865.843524,"co"
"7","ESL0185","1","4",0.247072879330944,1.75e+09,432377538.829152,"co"
"8","ESL0263","1","4",0.751971326164874,1.75e+09,1315949820.78853,"co"
"9","ESL0185","1","5",0.0440191387559809,9e+08,39617224.8803828,"co"
"10","ESL0263","1","5",0.951196172248804,9e+08,856076555.023923,"co"
"11","ESL0185","2","1",0.353064212507844,9.05e+08,319523112.319598,"co"
"12","ESL0353","2","1",0.638778498222129,9.05e+08,578094540.891027,"co"
"13","ESL0185","2","2",0.482170542635659,1.23e+09,593069767.44186,"co"
"14","ESL0353","2","2",0.495736434108527,1.23e+09,609755813.953488,"co"
"15","ESL0185","2","3",0.462419887356768,9e+08,416177898.621091,"co"
"16","ESL0353","2","3",0.530394251310934,9e+08,477354826.179841,"co"
"17","ESL0185","2","4",0.516393442622951,3.2e+08,165245901.639344,"co"
"18","ESL0353","2","4",0.474499089253188,3.2e+08,151839708.56102,"co"
"19","ESL0185","2","5",0.162322816643804,2.3e+08,37334247.828075,"co"
"20","ESL0353","2","5",0.832876085962506,2.3e+08,191561499.771376,"co"
"21","ESL0185","3","1",0.189685314685315,90500000,17166520.979021,"co"
"22","ESL0183","3","1",0.809615384615385,90500000,73270192.3076923,"co"
"23","ESL0185","3","2",0.215243472124206,1.07e+09,230310515.1729,"co"
"24","ESL0183","3","2",0.717360621030346,1.07e+09,767575864.50247,"co"
"25","ESL0185","3","3",0.416154161541615,5.85e+08,243450184.501845,"co"
"26","ESL0183","3","3",0.583435834358344,5.85e+08,341309963.099631,"co"
"27","ESL0185","3","4",0.314169685870128,1e+09,314169685.870128,"co"
"28","ESL0183","3","4",0.685073854361588,1e+09,685073854.361588,"co"
"29","ESL0185","3","5",0.28042135851798,1.04e+09,291638212.8587,"co"
"30","ESL0183","3","5",0.718125681075191,1.04e+09,746850708.318198,"co"
"31","ESL0185","4","1",0.326782820097245,1.4e+09,457495948.136143,"co"
"32","ESL0354","4","1",0.671596434359806,1.4e+09,940235008.103728,"co"
"33","ESL0185","4","2",0.721284342932804,1.23e+09,887179741.807349,"co"
"34","ESL0354","4","2",0.276398543528633,1.23e+09,339970208.540218,"co"
"35","ESL0185","4","3",0.303804064616988,2.2e+09,668368942.157374,"co"
"36","ESL0354","4","3",0.694632621156853,2.2e+09,1528191766.54508,"co"
"37","ESL0185","4","4",0.0767990324531344,4.3e+07,3302358.39548478,"co"
"38","ESL0354","4","4",0.922193106228583,4.3e+07,39654303.5678291,"co"
"39","ESL0185","4","5",0.426233766233766,9e+08,383610389.61039,"co"
"40","ESL0354","4","5",0.571428571428571,9e+08,514285714.285714,"co"
"41","wkb8","5","1",0.594272076372315,6.2e+08,368448687.350835,"co"
"42","ESL0185","5","1",0.403341288782816,6.2e+08,250071599.045346,"co"
"43","wkb8","5","2",0.676099661642572,4e+07,27043986.4657029,"co"
"44","ESL0185","5","2",0.31959397108582,4e+07,12783758.8434328,"co"
"45","wkb8","5","3",0.569234121363983,5.5e+08,313078766.750191,"co"
"46","ESL0185","5","3",0.429785379670988,5.5e+08,236381958.819043,"co"
"47","wkb8","5","4",0.68688293370945,1.7e+09,1167700987.30606,"co"
"48","ESL0185","5","4",0.311236483309826,1.7e+09,529102021.626704,"co"
"49","ESL0184","6","1",0.931985294117647,9.85e+08,918005514.705882,"co"
"50","ESL0185","6","1",0.0665441176470588,9.85e+08,65545955.8823529,"co"
"51","ESL0184","6","2",0.926142131979695,7.55e+08,699237309.64467,"co"
"52","ESL0185","6","2",0.0733502538071066,7.55e+08,55379441.6243655,"co"
"53","ESL0184","6","3",0.793838403410192,8.9e+08,706516179.035071,"co"
"54","ESL0185","6","3",0.204611509397404,8.9e+08,182104243.363689,"co"
"55","ESL0184","6","4",0.793072250226186,1.28e+09,1015132480.28952,"co"
"56","ESL0185","6","4",0.205506010081427,1.28e+09,263047692.904226,"co"
"57","ESL0184","6","5",0.75,2.5e+09,1.875e+09,"co"
"58","ESL0185","6","5",0.248015873015873,2.5e+09,620039682.539683,"co"
"59","ESL0185","7","1",0.219862340216323,1.75e+08,38475909.5378564,"co"
"60","ESL0260","7","1",0.777187807276303,1.75e+08,136007866.273353,"co"
"61","ESL0185","7","2",0.457220573689416,2.1e+09,960163204.747774,"co"
"62","ESL0260","7","2",0.537339268051434,2.1e+09,1128412462.90801,"co"
"63","ESL0185","7","3",0.0676670441676104,1.16e+09,78493771.2344281,"co"
"64","ESL0260","7","3",0.931483578708947,1.16e+09,1080520951.30238,"co"
"65","ESL0185","7","4",0.119261213720317,5.5e+07,6559366.75461741,"co"
"66","ESL0260","7","4",0.878627968337731,5.5e+07,48324538.2585752,"co"
"67","ESL0185","8","1",0.279224229543039,1.92e+09,536110520.722636,"co"
"68","ESL0350","8","1",0.71865037194474,1.92e+09,1379808714.1339,"co"
"69","ESL0185","8","2",0.361447171333103,1.96e+09,708436455.812882,"co"
"70","ESL0350","8","2",0.636939739601337,1.96e+09,1248401889.61862,"co"
"71","ESL0185","8","4",0.367207207207207,8.8e+08,323142342.342342,"co"
"72","ESL0350","8","4",0.631351351351351,8.8e+08,555589189.189189,"co"
"73","ESL0185","8","5",0.293647267880942,2.15e+08,63134162.5944025,"co"
"74","ESL0350","8","5",0.70501999111506,2.15e+08,151579298.089738,"co"
"75","ESL0185","9","1",0.171192443919717,1.23e+09,210566706.021251,"co"
"76","ESL0186","9","1",0.825855962219599,1.23e+09,1015802833.53011,"co"
"77","ESL0185","9","2",0.161128441611284,6.45e+08,103927844.839278,"co"
"78","ESL0186","9","2",0.836972738369727,6.45e+08,539847416.248474,"co"
"79","ESL0185","9","3",0.236287472182223,1.14e+09,269367718.287734,"co"
"80","ESL0186","9","3",0.761094384081686,1.14e+09,867647597.853122,"co"
"81","ESL0185","9","4",0.0965462414981009,1.25e+09,120682801.872626,"co"
"82","ESL0186","9","4",0.900538821658864,1.25e+09,1125673527.07358,"co"
"83","ESL0185","9","5",0.498177676537585,1.85e+09,921628701.594533,"co"
"84","ESL0186","9","5",0.499772209567198,1.85e+09,924578587.699317,"co"
"85","ESL0185","10","1",0.401209677419355,1.8e+09,722177419.354839,"co"
"86","ESL0261","10","1",0.59655017921147,1.8e+09,1073790322.58065,"co"
"87","ESL0185","10","2",0.427181418706842,1.65e+09,704849340.86629,"co"
"88","ESL0261","10","2",0.569679849340866,1.65e+09,939971751.412429,"co"
"89","ESL0185","10","3",0.401497426298549,1.1e+09,441647168.928404,"co"
"90","ESL0261","10","3",0.590547496490407,1.1e+09,649602246.139448,"co"
"91","ESL0185","10","4",0.148086522462562,2.65e+09,392429284.52579,"co"
"92","ESL0261","10","4",0.851414309484193,2.65e+09,2256247920.13311,"co"
"93","ESL0185","10","5",0.337714494341,2.35e+09,793629061.701351,"co"
"94","ESL0261","10","5",0.661190215407083,2.35e+09,1553797006.20664,"co"
"95","ESL0351","11","1",0.752136752136752,2e+08,150427350.42735,"co"
"96","ESL0185","11","1",0.245421245421245,2e+08,49084249.0842491,"co"
"97","ESL0351","11","2",0.413321314747449,1e+09,413321314.747449,"co"
"98","ESL0185","11","2",0.585101245855198,1e+09,585101245.855198,"co"
"99","ESL0351","11","3",0.743743743743744,1.1e+08,81811811.8118118,"co"
"100","ESL0185","11","3",0.253253253253253,1.1e+08,27857857.8578579,"co"
"101","ESL0351","11","4",0.481342113515209,2e+08,96268422.7030417,"co"
"102","ESL0185","11","4",0.51552210724365,2e+08,103104421.44873,"co"
"103","ESL0351","11","5",0.658966074313409,4.85e+08,319598546.042003,"co"
"104","ESL0185","11","5",0.339741518578352,4.85e+08,164774636.510501,"co"
"105","ESL0263","12","1",0.909897913892588,1.75e+09,1592321349.31203,"co"
"106","ESL0353","12","1",0.088622577304335,1.75e+09,155089510.282586,"co"
"107","ESL0263","12","2",0.857178526841448,1e+08,85717852.6841448,"co"
"108","ESL0353","12","2",0.141573033707865,1e+08,14157303.3707865,"co"
"109","ESL0263","12","3",0.907443209279845,1.05e+09,952815369.743838,"co"
"110","ESL0353","12","3",0.0918318028032866,1.05e+09,96423392.9434509,"co"
"111","ESL0263","12","4",0.924572930354796,8.25e+08,762772667.542707,"co"
"112","ESL0353","12","4",0.073850197109067,8.25e+08,60926412.6149803,"co"
"113","ESL0263","12","5",0.97888,4.8e+08,469862400,"co"
"114","ESL0353","12","5",0.01824,4.8e+08,8755200,"co"
"115","ESL0183","13","1",0.447697555429221,1.45e+09,649161455.372371,"co"
"116","ESL0263","13","1",0.551449687322342,1.45e+09,799602046.617396,"co"
"117","ESL0183","13","2",0.257136451950381,2.8e+08,71998206.5461067,"co"
"118","ESL0263","13","2",0.741294275892991,2.8e+08,207562397.250037,"co"
"119","ESL0183","13","3",0.519197509512279,2.55e+08,132395364.925631,"co"
"120","ESL0263","13","3",0.478381182981667,2.55e+08,121987201.660325,"co"
"121","ESL0183","13","4",0.507056798623064,7.05e+08,357475043.02926,"co"
"122","ESL0263","13","4",0.492254733218589,7.05e+08,347039586.919105,"co"
"123","ESL0183","13","5",0.425489412704754,5.85e+08,248911306.432281,"co"
"124","ESL0263","13","5",0.572512984418698,5.85e+08,334920095.884938,"co"
"125","ESL0263","14","1",0.615014638226683,8.65e+08,531987662.066081,"co"
"126","ESL0354","14","1",0.38310330405688,8.65e+08,331384358.009201,"co"
"127","ESL0263","14","2",0.448109965635739,4.15e+08,185965635.738832,"co"
"128","ESL0354","14","2",0.550171821305842,4.15e+08,228321305.841924,"co"
"129","ESL0263","14","3",0.767490952955368,1.06e+09,813540410.13269,"co"
"130","ESL0354","14","3",0.230096501809409,1.06e+09,243902291.917973,"co"
"131","ESL0263","14","4",0.665854401462077,2.35e+09,1564757843.43588,"co"
"132","ESL0354","14","4",0.333536399634481,2.35e+09,783810539.14103,"co"
"133","ESL0263","14","5",0.467538682405487,8.4e+08,392732493.220609,"co"
"134","ESL0354","14","5",0.531025681926942,8.4e+08,446061572.818631,"co"
"135","wkb8","15","2",0.197093977033044,9.75e+08,192166627.607218,"co"
"136","ESL0263","15","2",0.800093742676353,9.75e+08,780091399.109444,"co"
"137","wkb8","15","3",0.143066120538327,1.52e+09,217460503.218256,"co"
"138","ESL0263","15","3",0.855178466939731,1.52e+09,1299871269.74839,"co"
"139","wkb8","15","4",0.612166076601223,1.25e+09,765207595.751529,"co"
"140","ESL0263","15","4",0.385902800128742,1.25e+09,482378500.160927,"co"
"141","wkb8","15","5",0.390179975537306,1.02e+09,397983575.048052,"co"
"142","ESL0263","15","5",0.608130933659503,1.02e+09,620293552.332693,"co"
"143","ESL0184","16","1",0.686658506731946,7.5e+08,514993880.04896,"co"
"144","ESL0263","16","1",0.311505507955936,7.5e+08,233629130.966952,"co"
"145","ESL0184","16","2",0.797952218430034,3.65e+09,2912525597.26962,"co"
"146","ESL0263","16","2",0.200682593856655,3.65e+09,732491467.576792,"co"
"147","ESL0184","16","3",0.483716761278757,1.07e+09,517576934.56827,"co"
"148","ESL0263","16","3",0.514490588586794,1.07e+09,550504929.78787,"co"
"149","ESL0184","16","4",0.185509921550531,1.3e+08,24116289.801569,"co"
"150","ESL0263","16","4",0.813105676049839,1.3e+08,105703737.886479,"co"
"151","ESL0263","17","1",0.229764532744665,3.9e+09,896081677.704194,"co"
"152","ESL0260","17","1",0.768579838116262,3.9e+09,2997461368.65342,"co"
"153","ESL0263","17","2",0.440974686538916,1.01e+09,445384433.404306,"co"
"154","ESL0260","17","2",0.558315590253135,1.01e+09,563898746.155666,"co"
"155","ESL0263","17","3",0.676197283774124,3.1e+09,2096211579.69979,"co"
"156","ESL0260","17","3",0.323087919942816,3.1e+09,1001572551.82273,"co"
"157","ESL0263","17","4",0.374803149606299,1.51e+09,565952755.905512,"co"
"158","ESL0260","17","4",0.621784776902887,1.51e+09,938895013.12336,"co"
"159","ESL0350","18","1",0.591701244813278,1.72e+09,1017726141.07884,"co"
"160","ESL0263","18","1",0.406846473029046,1.72e+09,699775933.609959,"co"
"161","ESL0350","18","2",0.487555094633135,5e+08,243777547.316567,"co"
"162","ESL0263","18","2",0.511148561057817,5e+08,255574280.528908,"co"
"163","ESL0350","18","3",0.780267558528428,8.5e+08,663227424.749164,"co"
"164","ESL0263","18","3",0.219063545150502,8.5e+08,186204013.377926,"co"
"165","ESL0350","18","4",0.690207190961616,2.06e+09,1421826813.38093,"co"
"166","ESL0263","18","4",0.308799175652302,2.06e+09,636126301.843742,"co"
"167","ESL0350","18","5",0.559776507806919,1.54e+09,862055822.022655,"co"
"168","ESL0263","18","5",0.438922339014185,1.54e+09,675940402.081845,"co"
"169","ESL0186","19","2",0.332498210450966,2.02e+09,671646385.110952,"co"
"170","ESL0263","19","2",0.664638511095204,2.02e+09,1342569792.41231,"co"
"171","ESL0186","19","3",0.43679880329095,1.67e+09,729454001.495886,"co"
"172","ESL0263","19","3",0.56095736724009,1.67e+09,936798803.29095,"co"
"173","ESL0186","19","4",0.349201277955272,1.02e+09,356185303.514377,"co"
"174","ESL0263","19","4",0.648722044728435,1.02e+09,661696485.623003,"co"
"175","ESL0186","19","5",0.330434782608696,1.59e+09,525391304.347826,"co"
"176","ESL0263","19","5",0.662157809983897,1.59e+09,1052830917.8744,"co"
"177","ESL0261","20","1",0.392841062584421,9.55e+08,375163214.768122,"co"
"178","ESL0263","20","1",0.603556956325979,9.55e+08,576396893.29131,"co"
"179","ESL0261","20","2",0.540183792815372,4.25e+08,229578111.946533,"co"
"180","ESL0263","20","2",0.458813700918964,4.25e+08,194995822.89056,"co"
"181","ESL0261","20","3",0.483776983181036,1.77e+09,856285260.230433,"co"
"182","ESL0263","20","3",0.515428420076811,1.77e+09,912308303.535955,"co"
"183","ESL0351","21","2",0.341249834151519,1.76e+09,600599708.106674,"co"
"184","ESL0263","21","2",0.657688735571182,1.76e+09,1157532174.60528,"co"
"185","ESL0351","21","3",0.323160296634341,1.33e+09,429803194.523674,"co"
"186","ESL0263","21","3",0.674843126069595,1.33e+09,897541357.672561,"co"
"187","ESL0351","21","4",0.450531208499336,1.9e+08,85600929.6148738,"co"
"188","ESL0263","21","4",0.548140770252324,1.9e+08,104146746.347942,"co"
"189","ESL0351","21","5",0.230997038499506,1.7e+09,392694965.449161,"co"
"190","ESL0263","21","5",0.767398815399803,1.7e+09,1304577986.17966,"co"
"191","ESL0183","22","1",0.672202591283863,2.4e+09,1613286219.08127,"co"
"192","ESL0353","22","1",0.326914016489988,2.4e+09,784593639.575972,"co"
"193","ESL0183","22","2",0.401479067435447,1.75e+09,702588368.012033,"co"
"194","ESL0353","22","2",0.596014038606167,1.75e+09,1043024567.56079,"co"
"195","ESL0183","22","3",0.264352818371608,4.35e+09,1149934759.91649,"co"
"196","ESL0353","22","3",0.732776617954071,4.35e+09,3187578288.10021,"co"
"197","ESL0183","22","4",0.655443562799342,8.55e+08,560404246.193438,"co"
"198","ESL0353","22","4",0.343698620344556,8.55e+08,293862320.394596,"co"
"199","ESL0183","22","5",0.714715061842562,2.5e+09,1786787654.6064,"co"
"200","ESL0353","22","5",0.28436018957346,2.5e+09,710900473.933649,"co"
"201","ESL0353","23","1",0.444505268920213,9.7e+08,431170110.852607,"co"
"202","ESL0354","23","1",0.554126180374983,9.7e+08,537502394.963733,"co"
"203","ESL0353","23","2",0.569745258669061,1.85e+09,1054028728.53776,"co"
"204","ESL0354","23","2",0.427336999214454,1.85e+09,790573448.54674,"co"
"205","ESL0353","23","3",0.728288707799767,2.6e+09,1893550640.27939,"co"
"206","ESL0354","23","3",0.268451688009313,2.6e+09,697974388.824214,"co"
"207","ESL0353","23","4",0.63599537037037,2.65e+09,1685387731.48148,"co"
"208","ESL0354","23","4",0.361979166666667,2.65e+09,959244791.666667,"co"
"209","ESL0353","23","5",0.642598794373744,7.4e+08,475523107.836571,"co"
"210","ESL0354","23","5",0.356329537843269,7.4e+08,263683858.004019,"co"
"211","wkb8","24","1",0.127672209026128,2.55e+09,325564133.016627,"co"
"212","ESL0353","24","1",0.869507125890736,2.55e+09,2217243171.02138,"co"
"213","wkb8","24","2",0.49910394265233,1.04e+09,519068100.358423,"co"
"214","ESL0353","24","2",0.499253285543608,1.04e+09,519223416.965352,"co"
"215","wkb8","24","3",0.755470108944429,1.3e+09,982111141.627758,"co"
"216","ESL0353","24","3",0.242607342305228,1.3e+09,315389544.996796,"co"
"217","wkb8","24","4",0.593842761428208,9.45e+08,561181409.549657,"co"
"218","ESL0353","24","4",0.40496989229073,9.45e+08,382696548.21474,"co"
"219","wkb8","24","5",0.568663115499545,1.04e+09,591409640.119527,"co"
"220","ESL0353","24","5",0.43003767701702,1.04e+09,447239184.0977,"co"
"221","ESL0184","25","1",0.775384072046618,1.6e+09,1240614515.27459,"co"
"222","ESL0353","25","1",0.223379834010242,1.6e+09,357407734.416387,"co"
"223","ESL0184","25","2",0.082579867389994,2.45e+09,202320675.105485,"co"
"224","ESL0353","25","2",0.915611814345992,2.45e+09,2243248945.14768,"co"
"225","ESL0184","25","3",0.584361690509992,1.07e+09,625267008.845692,"co"
"226","ESL0353","25","3",0.414109424484001,1.07e+09,443097084.197881,"co"
"227","ESL0184","25","4",0.957772337821297,2.95e+09,2825428396.57283,"co"
"228","ESL0353","25","4",0.0421052631578947,2.95e+09,124210526.315789,"co"
"229","ESL0184","25","5",0.877950643776824,1.15e+09,1009643240.34335,"co"
"230","ESL0353","25","5",0.121244635193133,1.15e+09,139431330.472103,"co"
"231","ESL0353","26","1",0.475812274368231,4.6e+08,218873646.209386,"co"
"232","ESL0260","26","1",0.52282390693943,4.6e+08,240498997.192138,"co"
"233","ESL0353","26","2",0.211716408184543,4.15e+08,87862309.3965854,"co"
"234","ESL0260","26","2",0.787371301967939,4.15e+08,326759090.316695,"co"
"235","ESL0353","26","3",0.155517682147422,7.3e+08,113527907.967618,"co"
"236","ESL0260","26","3",0.843772191450078,7.3e+08,615953699.758557,"co"
"237","ESL0353","26","4",0.237033786748574,1.65e+09,391105748.135147,"co"
"238","ESL0260","26","4",0.762264150943396,1.65e+09,1257735849.0566,"co"
"239","ESL0353","26","5",0.24199619182571,2.35e+08,56869105.0790418,"co"
"240","ESL0260","26","5",0.757649559403091,2.35e+08,178047646.459726,"co"
"241","ESL0350","27","1",0.864012310059627,2.6e+09,2246432006.15503,"co"
"242","ESL0353","27","1",0.13512213887286,2.6e+09,351317561.069436,"co"
"243","ESL0350","27","2",0.571874349906387,1.15e+09,657655502.392344,"co"
"244","ESL0353","27","2",0.427085500312045,1.15e+09,491148325.358852,"co"
"245","ESL0350","27","3",0.699475206169005,1.9e+09,1329002891.72111,"co"
"246","ESL0353","27","3",0.299989289921816,1.9e+09,569979650.851451,"co"
"247","ESL0350","27","4",0.696162585205756,2.7e+09,1879638980.05554,"co"
"248","ESL0353","27","4",0.303458722544812,2.7e+09,819338550.870992,"co"
"249","ESL0350","27","5",0.647294720925646,1.18e+09,763807770.692262,"co"
"250","ESL0353","27","5",0.352113601998554,1.18e+09,415494050.358293,"co"
"251","ESL0186","28","1",0.394720101781171,4.55e+09,1795976463.10433,"co"
"252","ESL0353","28","1",0.603371501272265,4.55e+09,2745340330.7888,"co"
"253","ESL0186","28","2",0.310973624226636,1.65e+09,513106479.97395,"co"
"254","ESL0353","28","2",0.677629436665581,1.65e+09,1118088570.49821,"co"
"255","ESL0186","28","3",0.392103471749489,1.75e+09,686181075.561607,"co"
"256","ESL0353","28","3",0.606194690265487,1.75e+09,1060840707.9646,"co"
"257","ESL0186","28","4",0.716917111003393,1.6e+09,1147067377.60543,"co"
"258","ESL0353","28","4",0.278720310227824,1.6e+09,445952496.364518,"co"
"259","ESL0186","28","5",0.301439790575916,3.4e+09,1024895287.95812,"co"
"260","ESL0353","28","5",0.694371727748691,3.4e+09,2360863874.34555,"co"
"261","ESL0261","29","1",0.749807205023686,2.8e+09,2099460174.06632,"co"
"262","ESL0353","29","1",0.249752120744739,2.8e+09,699305938.085271,"co"
"263","ESL0261","29","2",0.70850640113798,1.21e+09,857292745.376956,"co"
"264","ESL0353","29","2",0.291038406827881,1.21e+09,352156472.261735,"co"
"265","ESL0261","29","3",0.769275362318841,2.3e+09,1769333333.33333,"co"
"266","ESL0353","29","3",0.230144927536232,2.3e+09,529333333.333333,"co"
"267","ESL0261","29","4",0.753183805360198,3.55e+09,2673802509.0287,"co"
"268","ESL0353","29","4",0.245960843946018,3.55e+09,873160996.008363,"co"
"269","ESL0261","29","5",0.795529591059182,4.25e+09,3381000762.00152,"co"
"270","ESL0353","29","5",0.204047074760816,4.25e+09,867200067.733469,"co"
"271","ESL0351","30","1",0.302203629507424,2.25e+09,679958166.391704,"co"
"272","ESL0353","30","1",0.696028753240632,2.25e+09,1566064694.79142,"co"
"273","ESL0351","30","2",0.502413079877869,6.1e+09,3064719787.255,"co"
"274","ESL0353","30","2",0.496109524278538,6.1e+09,3026268098.09908,"co"
"275","ESL0351","30","4",0.481908207960389,4.3e+08,207220529.422967,"co"
"276","ESL0353","30","4",0.516377832793754,4.3e+08,222042468.101314,"co"
"277","ESL0351","30","5",0.626794912704563,2.4e+08,150430779.049095,"co"
"278","ESL0353","30","5",0.371518439166705,2.4e+08,89164425.4000091,"co"
"279","ESL0183","31","1",0.952880691153867,1.05e+09,1000524725.71156,"co"
"280","ESL0354","31","1",0.0253352414268299,1.05e+09,26602003.4981714,"co"
"281","ESL0183","31","2",0.883783300554264,9e+08,795404970.498838,"co"
"282","ESL0354","31","2",0.104416234578938,9e+08,93974611.1210442,"co"
"283","ESL0183","31","3",0.998628884826325,8.8e+08,878793418.647166,"co"
"284","ESL0354","31","3",0.00137111517367459,8.8e+08,1206581.35283364,"co"
"285","ESL0183","31","4",0.960981749528005,9e+08,864883574.575205,"co"
"286","ESL0354","31","4",0.0346129641283826,9e+08,31151667.7155444,"co"
"287","ESL0183","31","5",0.0438102163243047,1.02e+08,4468642.06507908,"co"
"288","ESL0354","31","5",0.950736229776404,1.02e+08,96975095.4371932,"co"
"289","wkb8","32","1",0.66798833819242,1.05e+09,701387755.102041,"co"
"290","ESL0183","32","1",0.330612244897959,1.05e+09,347142857.142857,"co"
"291","wkb8","32","2",0.582671868693663,2.1e+09,1223610924.25669,"co"
"292","ESL0183","32","2",0.417193596125387,2.1e+09,876106551.863312,"co"
"293","wkb8","32","3",0.326900921658986,1.85e+09,604766705.069124,"co"
"294","ESL0183","32","3",0.672523041474654,1.85e+09,1244167626.72811,"co"
"295","wkb8","32","4",0.847352576589339,2.3e+09,1948910926.15548,"co"
"296","ESL0183","32","4",0.151584912342837,2.3e+09,348645298.388525,"co"
"297","ESL0184","33","1",0.642806267806268,2.75e+09,1767717236.46724,"co"
"298","ESL0183","33","1",0.355413105413105,2.75e+09,977386039.88604,"co"
"299","ESL0184","33","2",0.535242290748899,3.1e+08,165925110.132159,"co"
"300","ESL0183","33","2",0.463289280469897,3.1e+08,143619676.945668,"co"
"301","ESL0184","33","3",0.649822545208721,2.05e+09,1332136217.67788,"co"
"302","ESL0183","33","3",0.347473381781308,2.05e+09,712320432.651682,"co"
"303","ESL0184","33","4",0.380507343124166,1.07e+09,407142857.142857,"co"
"304","ESL0183","33","4",0.617394621399962,1.07e+09,660612244.897959,"co"
"305","ESL0184","33","5",0.58047619047619,2.3e+09,1335095238.09524,"co"
"306","ESL0183","33","5",0.417738095238095,2.3e+09,960797619.047619,"co"
"307","ESL0183","34","1",0.627695994522424,2.55e+09,1600624786.03218,"co"
"308","ESL0260","34","1",0.372132831222184,2.55e+09,948938719.61657,"co"
"309","ESL0183","34","2",0.422576121794872,3.45e+08,145788762.019231,"co"
"310","ESL0260","34","2",0.576722756410256,3.45e+08,198969350.961538,"co"
"311","ESL0183","34","3",0.0527106692867877,1.4e+09,73794937.0015027,"co"
"312","ESL0260","34","3",0.947289330713212,1.4e+09,1326205062.9985,"co"
"313","ESL0183","34","4",0.600018677624206,3.6e+09,2160067239.44714,"co"
"314","ESL0260","34","4",0.399420993649608,3.6e+09,1437915577.13859,"co"
"315","ESL0183","34","5",0.211416747809153,1.1e+09,232558422.590068,"co"
"316","ESL0260","34","5",0.788096397273612,1.1e+09,866906037.000974,"co"
"317","ESL0350","35","1",0.35423319237076,1.35e+08,47821480.9700526,"co"
"318","ESL0183","35","1",0.645421593164754,1.35e+08,87131915.0772417,"co"
"319","ESL0350","35","2",0.390769894328229,7.4e+08,289169721.80289,"co"
"320","ESL0183","35","2",0.608798792322622,7.4e+08,450511106.318741,"co"
"321","ESL0350","35","3",0.44589450788472,6.45e+08,287601957.585644,"co"
"322","ESL0183","35","3",0.553561718325177,6.45e+08,357047308.319739,"co"
"323","ESL0186","36","1",0.40878828229028,1.2e+09,490545938.748336,"co"
"324","ESL0183","36","1",0.589214380825566,1.2e+09,707057256.990679,"co"
"325","ESL0186","36","2",0.482713802963348,6.6e+08,318591109.95581,"co"
"326","ESL0183","36","2",0.515986482973746,6.6e+08,340551078.762672,"co"
"327","ESL0186","36","3",0.483532026672055,1.2e+09,580238432.006466,"co"
"328","ESL0183","36","3",0.515255607193372,1.2e+09,618306728.632047,"co"
"329","ESL0186","36","4",0.392661424827258,7.6e+08,298422682.868716,"co"
"330","ESL0183","36","4",0.605551584465094,7.6e+08,460219204.193472,"co"
"331","ESL0186","36","5",0.626185567010309,2.15e+09,1346298969.07216,"co"
"332","ESL0183","36","5",0.372680412371134,2.15e+09,801262886.597938,"co"
"333","ESL0261","37","1",0.555495324569725,1.26e+09,699924108.957853,"co"
"334","ESL0183","37","1",0.444504675430275,1.26e+09,560075891.042147,"co"
"335","ESL0261","37","3",0.183231754961713,1.15e+09,210716518.20597,"co"
"336","ESL0183","37","3",0.816690107829348,1.15e+09,939193624.003751,"co"
"337","ESL0261","37","4",0.321023919429291,1.5e+09,481535879.143936,"co"
"338","ESL0183","37","4",0.664428591411386,1.5e+09,996642887.117079,"co"
"339","ESL0261","37","5",0.160506798516687,1.6e+09,256810877.6267,"co"
"340","ESL0183","37","5",0.839122373300371,1.6e+09,1342595797.28059,"co"
"341","ESL0351","38","1",0.362401546091015,1.4e+09,507362164.527421,"co"
"342","ESL0183","38","1",0.63621280630105,1.4e+09,890697928.82147,"co"
"343","ESL0351","38","2",0.413104157484942,1.35e+09,557690612.604672,"co"
"344","ESL0183","38","2",0.585573674158954,1.35e+09,790524460.114588,"co"
"345","ESL0351","38","3",0.209503806773431,2.6e+09,544709897.610922,"co"
"346","ESL0183","38","3",0.789708584930428,2.6e+09,2053242320.81911,"co"
"347","ESL0351","38","4",0.336230984166408,2e+09,672461968.332816,"co"
"348","ESL0183","38","4",0.663148090655076,2e+09,1326296181.31015,"co"
"349","ESL0351","38","5",0.446789110329556,8.25e+09,3686010160.21884,"co"
"350","ESL0183","38","5",0.551126742217012,8.25e+09,4546795623.29035,"co"
"351","wkb8","39","1",0.688582920792079,1.27e+09,874500309.405941,"co"
"352","ESL0354","39","1",0.310643564356436,1.27e+09,394517326.732673,"co"
"353","wkb8","39","2",0.606205516014235,4.15e+08,251575289.145907,"co"
"354","ESL0354","39","2",0.393127224199288,4.15e+08,163147798.042705,"co"
"355","wkb8","39","3",0.989879438115253,9.6e+08,950284260.590643,"co"
"356","ESL0354","39","3",0.0101205618847473,9.6e+08,9715739.40935737,"co"
"357","wkb8","39","4",0.746261115602263,7e+08,522382780.921584,"co"
"358","ESL0354","39","4",0.253536782538399,7e+08,177475747.77688,"co"
"359","wkb8","39","5",0.944465197360229,1.59e+09,1501699663.80276,"co"
"360","ESL0354","39","5",0.0555348026397709,1.59e+09,88300336.1972357,"co"
"361","ESL0184","40","1",0.749260951357162,2.75e+09,2060467616.2322,"co"
"362","ESL0354","40","1",0.249932813759742,2.75e+09,687315237.83929,"co"
"363","ESL0184","40","2",0.271330462111512,2.05e+08,55622744.73286,"co"
"364","ESL0354","40","2",0.7264579210802,2.05e+08,148923873.821441,"co"
"365","ESL0184","40","3",0.687562189054726,8.85e+08,608492537.313433,"co"
"366","ESL0354","40","3",0.310646766169154,8.85e+08,274922388.059702,"co"
"367","ESL0184","40","4",0.396881784093152,2.45e+08,97236037.1028222,"co"
"368","ESL0354","40","4",0.600749950661141,2.45e+08,147183737.911979,"co"
"369","ESL0184","40","5",0.639275989107801,2.2e+09,1406407176.03716,"co"
"370","ESL0354","40","5",0.359602755085696,2.2e+09,791126061.188531,"co"
"371","ESL0260","41","1",0.423394840110211,8.25e+09,3493007430.90924,"co"
"372","ESL0354","41","1",0.576020706353845,8.25e+09,4752170827.41922,"co"
"373","ESL0260","41","2",0.113303516618434,1.65e+09,186950802.420416,"co"
"374","ESL0354","41","2",0.886170306059809,1.65e+09,1462181004.99868,"co"
"375","ESL0260","41","3",0.167613636363636,1.13e+09,189403409.090909,"co"
"376","ESL0354","41","3",0.832128099173554,1.13e+09,940304752.066116,"co"
"377","ESL0260","41","4",0.423547400611621,7.2e+08,304954128.440367,"co"
"378","ESL0354","41","4",0.575433231396534,7.2e+08,414311926.605505,"co"
"379","ESL0260","41","5",0.0444365446142908,8.5e+08,37771062.9221472,"co"
"380","ESL0354","41","5",0.955207963028795,8.5e+08,811926768.574476,"co"
"381","ESL0350","42","1",0.521513050570963,2.4e+09,1251631321.37031,"co"
"382","ESL0354","42","1",0.477671288743883,2.4e+09,1146411092.98532,"co"
"383","ESL0350","42","2",0.416798732171157,2.65e+09,1104516640.25357,"co"
"384","ESL0354","42","2",0.582805071315372,2.65e+09,1544433438.98574,"co"
"385","ESL0350","42","3",0.513163573586534,1.52e+09,780008631.851532,"co"
"386","ESL0354","42","3",0.48597324126025,1.52e+09,738679326.71558,"co"
"387","ESL0350","42","4",0.668211603004635,1.2e+09,801853923.605562,"co"
"388","ESL0354","42","4",0.330989291992968,1.2e+09,397187150.391561,"co"
"389","ESL0350","42","5",0.430305131761442,2.5e+09,1075762829.40361,"co"
"390","ESL0354","42","5",0.569348127600555,2.5e+09,1423370319.00139,"co"
"391","ESL0186","43","1",0.502529084471421,2.95e+09,1482460799.19069,"co"
"392","ESL0354","43","1",0.493550834597876,2.95e+09,1455974962.06373,"co"
"393","ESL0186","43","2",0.326098015940309,1.58e+09,515234865.185688,"co"
"394","ESL0354","43","2",0.669153807020519,1.58e+09,1057263015.09242,"co"
"395","ESL0186","43","3",0.483607522870941,1.28e+09,619017629.274805,"co"
"396","ESL0354","43","3",0.512152027955554,1.28e+09,655554595.783109,"co"
"397","ESL0186","43","4",0.486293653773939,1.85e+09,899643259.481787,"co"
"398","ESL0354","43","4",0.510608336462636,1.85e+09,944625422.455877,"co"
"399","ESL0186","43","5",0.408839779005525,1.09e+09,445635359.116022,"co"
"400","ESL0354","43","5",0.586582478295186,1.09e+09,639374901.341752,"co"
"401","ESL0261","44","1",0.457544288332315,2.7e+09,1235369578.49725,"co"
"402","ESL0354","44","1",0.541844838118509,2.7e+09,1462981062.91998,"co"
"403","ESL0261","44","2",0.444642402646984,1.3e+09,578035123.441079,"co"
"404","ESL0354","44","2",0.554594044286078,1.3e+09,720972257.571901,"co"
"405","ESL0261","44","3",0.590020728457211,2.05e+09,1209542493.33728,"co"
"406","ESL0354","44","3",0.409535090316849,2.05e+09,839546935.149541,"co"
"407","ESL0261","44","4",0.377746703955254,2.2e+09,831042748.701558,"co"
"408","ESL0354","44","4",0.621454254894127,2.2e+09,1367199360.76708,"co"
"409","ESL0351","45","1",0.434940634843712,1.85e+09,804640174.460868,"co"
"410","ESL0354","45","1",0.560697843469833,1.85e+09,1037291010.41919,"co"
"411","ESL0351","45","2",0.236635220125786,2.05e+09,485102201.257862,"co"
"412","ESL0354","45","2",0.760416666666667,2.05e+09,1558854166.66667,"co"
"413","ESL0351","45","3",0.372465314834578,2.3e+09,856670224.11953,"co"
"414","ESL0354","45","3",0.625266808964781,2.3e+09,1438113660.619,"co"
"415","ESL0351","45","4",0.147655545536519,2.8e+09,413435527.502254,"co"
"416","ESL0354","45","4",0.849188458070334,2.8e+09,2377727682.59693,"co"
"417","ESL0184","46","1",0.65972706444865,1.9e+09,1253481422.45244,"co"
"418","wkb8","46","1",0.337483813128798,1.9e+09,641219244.944716,"co"
"419","ESL0184","46","2",0.56351136964569,8.1e+08,456444209.413009,"co"
"420","wkb8","46","2",0.430988894764675,8.1e+08,349101004.759387,"co"
"421","ESL0184","46","3",0.862349747964327,1.75e+09,1509112058.93757,"co"
"422","wkb8","46","3",0.136099263280341,1.75e+09,238173710.740597,"co"
"423","ESL0184","46","4",0.557238865474428,7.5e+08,417929149.105821,"co"
"424","wkb8","46","4",0.437407449595626,7.5e+08,328055587.196719,"co"
"425","ESL0184","46","5",0.64755107063746,8.45e+08,547180654.688654,"co"
"426","wkb8","46","5",0.351956682254492,8.45e+08,297403396.505046,"co"
"427","wkb8","47","1",0.384697905938895,3.2e+09,1231033299.00446,"co"
"428","ESL0260","47","1",0.611568829385513,3.2e+09,1957020254.03364,"co"
"429","wkb8","47","2",0.303800040642146,1.33e+09,404054054.054054,"co"
"430","ESL0260","47","2",0.693355009144483,1.33e+09,922162162.162162,"co"
"431","wkb8","47","3",0.357121573301549,2.2e+09,785667461.263409,"co"
"432","ESL0260","47","3",0.63930274135876,2.2e+09,1406466030.98927,"co"
"433","wkb8","47","4",0.399058706960614,1.4e+09,558682189.74486,"co"
"434","ESL0260","47","4",0.597721080009908,1.4e+09,836809512.013872,"co"
"435","wkb8","47","5",0.223724884080371,7.9e+09,1767426584.23493,"co"
"436","ESL0260","47","5",0.773763523956723,7.9e+09,6112731839.25811,"co"
"437","wkb8","48","1",0.314497716894977,1.15e+09,361672374.429224,"co"
"438","ESL0350","48","1",0.680936073059361,1.15e+09,783076484.018265,"co"
"439","wkb8","48","2",0.359160305343511,9.65e+08,346589694.656489,"co"
"440","ESL0350","48","2",0.636259541984733,9.65e+08,613990458.015267,"co"
"441","wkb8","48","3",0.610685818009628,5.45e+08,332823770.815247,"co"
"442","ESL0350","48","3",0.386473048693868,5.45e+08,210627811.538158,"co"
"443","wkb8","48","4",0.450621546961326,2.9e+09,1306802486.18785,"co"
"444","ESL0350","48","4",0.546616022099447,2.9e+09,1585186464.0884,"co"
"445","wkb8","48","5",0.312059887077333,2.9e+09,904973672.524266,"co"
"446","ESL0350","48","5",0.686322400558269,2.9e+09,1990334961.61898,"co"
"447","wkb8","49","1",0.47353888633226,1.95e+09,923400828.347906,"co"
"448","ESL0186","49","1",0.520018407731247,1.95e+09,1014035895.07593,"co"
"449","wkb8","49","2",0.516690340909091,3.7e+09,1911754261.36364,"co"
"450","ESL0186","49","2",0.480113636363636,3.7e+09,1776420454.54545,"co"
"451","wkb8","49","3",0.411048099138836,3.1e+09,1274249107.33039,"co"
"452","ESL0186","49","3",0.585801302247427,3.1e+09,1815984036.96702,"co"
"453","wkb8","49","4",0.240799492385787,1.25e+09,300999365.482233,"co"
"454","ESL0186","49","4",0.755393401015228,1.25e+09,944241751.269036,"co"
"455","wkb8","49","5",0.31955699621826,1.5e+09,479335494.327391,"co"
"456","ESL0186","49","5",0.678417071853052,1.5e+09,1017625607.77958,"co"
"457","wkb8","50","1",0.407874962428614,4e+09,1631499849.71446,"co"
"458","ESL0261","50","1",0.590021039975954,4e+09,2360084159.90382,"co"
"459","wkb8","50","2",0.483003300330033,2e+09,966006600.660066,"co"
"460","ESL0261","50","2",0.513036303630363,2e+09,1026072607.26073,"co"
"461","wkb8","50","3",0.553100061387354,1.78e+09,984518109.269491,"co"
"462","ESL0261","50","3",0.370779619398404,1.78e+09,659987722.529159,"co"
"463","wkb8","50","4",0.60056258790436,2.3e+09,1381293952.18003,"co"
"464","ESL0261","50","4",0.39521800281294,2.3e+09,909001406.469761,"co"
"465","wkb8","50","5",0.53570968157793,1.55e+09,830350006.445791,"co"
"466","ESL0261","50","5",0.459455975248163,1.55e+09,712156761.634653,"co"
"467","wkb8","51","1",0.630657523194837,3.3e+09,2081169826.54296,"co"
"468","ESL0351","51","1",0.366518757563534,3.3e+09,1209511899.95966,"co"
"469","wkb8","51","2",0.67441422791004,8.7e+08,586740378.281735,"co"
"470","ESL0351","51","2",0.322198174461278,8.7e+08,280312411.781312,"co"
"471","wkb8","51","3",0.520458265139116,4.75e+09,2472176759.4108,"co"
"472","ESL0351","51","3",0.476923076923077,4.75e+09,2265384615.38462,"co"
"473","wkb8","51","4",0.729012176142085,1.75e+09,1275771308.24865,"co"
"474","ESL0351","51","4",0.267417376178705,1.75e+09,467980408.312735,"co"
"475","wkb8","51","5",0.654246575342466,1.44e+09,942115068.493151,"co"
"476","ESL0351","51","5",0.344794520547945,1.44e+09,496504109.589041,"co"
"477","ESL0184","52","1",0.997858978018841,2.05e+09,2045610904.93862,"co"
"478","ESL0350","52","1",0.00185555238367114,2.05e+09,3803882.38652583,"co"
"479","ESL0184","52","2",0.421085699924604,9.75e+08,410558557.426489,"co"
"480","ESL0350","52","2",0.575018848957024,9.75e+08,560643377.733099,"co"
"481","ESL0184","52","3",0.8544474393531,1.71e+09,1461105121.2938,"co"
"482","ESL0350","52","3",0.1455525606469,1.71e+09,248894878.706199,"co"
"483","ESL0184","52","4",0.903716710564823,2.8e+09,2530406789.5815,"co"
"484","ESL0350","52","4",0.0948200175592625,2.8e+09,265496049.165935,"co"
"485","ESL0184","52","5",0.372544378698225,1.28e+09,476856804.733728,"co"
"486","ESL0350","52","5",0.624615384615385,1.28e+09,799507692.307692,"co"
"487","ESL0184","53","1",0.519391408114558,1.03e+09,534973150.357995,"co"
"488","ESL0260","53","1",0.480310262529833,1.03e+09,494719570.405728,"co"
"489","ESL0184","53","2",0.543208004851425,1.2e+09,651849605.82171,"co"
"490","ESL0260","53","2",0.456640388114008,1.2e+09,547968465.73681,"co"
"491","ESL0184","53","3",0.954252662021822,9.8e+08,935167608.781386,"co"
"492","ESL0260","53","3",0.045747337978178,9.8e+08,44832391.2186144,"co"
"493","ESL0184","53","4",0.961217736598279,1.33e+09,1278419589.67571,"co"
"494","ESL0260","53","4",0.0352084712111185,1.33e+09,46827266.7107876,"co"
"495","ESL0184","53","5",0.398820326678766,1.51e+09,602218693.284936,"co"
"496","ESL0260","53","5",0.600499092558984,1.51e+09,906753629.764065,"co"
"497","ESL0184","54","1",0.70492887859742,1.14e+09,803618921.601059,"co"
"498","ESL0186","54","1",0.293858198257801,1.14e+09,334998346.013893,"co"
"499","ESL0184","54","2",0.774828549657099,1.5e+09,1162242824.48565,"co"
"500","ESL0186","54","2",0.224409448818898,1.5e+09,336614173.228346,"co"
"501","ESL0184","54","3",0.369799436432952,1.56e+09,576887120.835405,"co"
"502","ESL0186","54","3",0.628708768440245,1.56e+09,980785678.766783,"co"
"503","ESL0184","54","4",0.676013255161866,1.9e+08,128442518.480755,"co"
"504","ESL0186","54","4",0.323476930920214,1.9e+08,61460616.8748407,"co"
"505","ESL0184","54","5",0.644421975058982,2.85e+09,1836602628.9181,"co"
"506","ESL0186","54","5",0.354229861813279,2.85e+09,1009555106.16785,"co"
"507","ESL0184","55","1",0.735381565906838,7.35e+08,540505450.941526,"co"
"508","ESL0261","55","1",0.26382556987116,7.35e+08,193911793.855302,"co"
"509","ESL0184","55","2",0.686816863707339,8.2e+08,563189828.240018,"co"
"510","ESL0261","55","2",0.312513941556993,8.2e+08,256261432.076734,"co"
"511","ESL0184","55","3",0.330289193302892,1.63e+09,538371385.083714,"co"
"512","ESL0261","55","3",0.669520547945205,1.63e+09,1091318493.15068,"co"
"513","ESL0184","55","4",0.702156077084526,1.42e+09,997061629.460027,"co"
"514","ESL0261","55","4",0.297462316351841,1.42e+09,422396489.219615,"co"
"515","ESL0184","55","5",0.601860053144376,1.88e+09,1131496899.91143,"co"
"516","ESL0261","55","5",0.396368467670505,1.88e+09,745172719.220549,"co"
"517","ESL0184","56","1",0.949143746756617,1.1e+09,1044058121.43228,"co"
"518","ESL0351","56","1",0.0501643314305483,1.1e+09,55180764.5736032,"co"
"519","ESL0184","56","2",0.7098190526876,1.44e+09,1022139435.87014,"co"
"520","ESL0351","56","2",0.289382650345929,1.44e+09,416711016.498137,"co"
"521","ESL0184","56","3",0.0384813783142474,1.91e+09,73499432.5802125,"co"
"522","ESL0351","56","3",0.959867945940369,1.91e+09,1833347776.74611,"co"
"523","ESL0184","56","4",0.90658295281583,1.19e+08,107883371.385084,"co"
"524","ESL0351","56","4",0.0930365296803653,1.19e+08,11071347.0319635,"co"
"525","ESL0184","56","5",0.839570757880617,8.55e+08,717832997.987928,"co"
"526","ESL0351","56","5",0.160160965794769,8.55e+08,136937625.754527,"co"
"527","ESL0350","57","1",0.193768478508074,1.58e+09,306154196.042756,"co"
"528","ESL0260","57","1",0.80600409370025,1.58e+09,1273486468.0464,"co"
"529","ESL0350","57","2",0.29381041133891,1.8e+09,528858740.410039,"co"
"530","ESL0260","57","2",0.70618958866109,1.8e+09,1271141259.58996,"co"
"531","ESL0350","57","3",0.481909452547831,1.5e+09,722864178.821746,"co"
"532","ESL0260","57","3",0.517711687819663,1.5e+09,776567531.729494,"co"
"533","ESL0350","57","4",0.568932955618508,1.09e+09,620136921.624174,"co"
"534","ESL0260","57","4",0.431067044381492,1.09e+09,469863078.375826,"co"
"535","ESL0350","57","5",0.348265895953757,1.11e+09,386575144.508671,"co"
"536","ESL0260","57","5",0.651734104046243,1.11e+09,723424855.491329,"co"
"537","ESL0186","58","1",0.246013986013986,2.5e+09,615034965.034965,"co"
"538","ESL0260","58","1",0.751328671328671,2.5e+09,1878321678.32168,"co"
"539","ESL0186","58","2",0.293295695130558,1.9e+08,55726182.0748059,"co"
"540","ESL0260","58","2",0.705292872265349,1.9e+08,134005645.730416,"co"
"541","ESL0186","58","3",0.352591792656587,5.3e+09,1868736501.07991,"co"
"542","ESL0260","58","3",0.646868250539957,5.3e+09,3428401727.86177,"co"
"543","ESL0186","58","4",0.279407655769768,4.1e+09,1145571388.65605,"co"
"544","ESL0260","58","4",0.718915898295613,4.1e+09,2947555183.01201,"co"
"545","ESL0186","58","5",0.805851318944844,1.35e+09,1087899280.57554,"co"
"546","ESL0260","58","5",0.190983213429257,1.35e+09,257827338.129496,"co"
"547","ESL0261","59","1",0.62025483594111,2.4e+09,1488611606.25867,"co"
"548","ESL0260","59","1",0.37974516405889,2.4e+09,911388393.741335,"co"
"549","ESL0261","59","2",0.541943000537731,2.55e+09,1381954651.37121,"co"
"550","ESL0260","59","2",0.457877755870228,2.55e+09,1167588277.46908,"co"
"551","ESL0261","59","3",0.286919003726221,4.75e+09,1362865267.69955,"co"
"552","ESL0260","59","3",0.713080996273779,4.75e+09,3387134732.30045,"co"
"553","ESL0261","59","4",0.43796711509716,1.23e+09,538699551.569507,"co"
"554","ESL0260","59","4",0.561534628799203,1.23e+09,690687593.423019,"co"
"555","ESL0261","59","5",0.52086230876217,4.15e+09,2161578581.363,"co"
"556","ESL0260","59","5",0.478616133518776,4.15e+09,1986256954.10292,"co"
"557","ESL0351","60","1",0.17910447761194,2.85e+09,510447761.19403,"co"
"558","ESL0260","60","1",0.820042643923241,2.85e+09,2337121535.18124,"co"
"559","ESL0351","60","2",0.126179582499285,3.25e+09,410083643.122677,"co"
"560","ESL0260","60","2",0.871675722047469,3.25e+09,2832946096.65427,"co"
"561","ESL0351","60","3",0.009568443663347,4.3e+09,41144307.7523921,"co"
"562","ESL0260","60","3",0.990236281976177,4.3e+09,4258016012.49756,"co"
"563","ESL0351","60","4",0.153720359771055,2.55e+09,391986917.41619,"co"
"564","ESL0260","60","4",0.845734532570183,2.55e+09,2156623058.05397,"co"
"565","ESL0351","60","5",0.359946476360393,6.95e+08,250162801.070473,"co"
"566","ESL0260","60","5",0.638418079096045,6.95e+08,443700564.971751,"co"
"567","ESL0350","61","1",0.486616504255582,3.45e+09,1678826939.68176,"co"
"568","ESL0186","61","1",0.511841618354508,3.45e+09,1765853583.32305,"co"
"569","ESL0350","61","2",0.620380037586135,3.05e+09,1892159114.63771,"co"
"570","ESL0186","61","2",0.377949467529756,3.05e+09,1152745875.96575,"co"
"571","ESL0350","61","3",0.649052841475573,3.1e+08,201206380.857428,"co"
"572","ESL0186","61","3",0.348953140578265,3.1e+08,108175473.579262,"co"
"573","ESL0350","61","4",0.524502055011065,1.55e+09,812978185.267151,"co"
"574","ESL0186","61","4",0.473917167246285,1.55e+09,734571609.231742,"co"
"575","ESL0350","61","5",0.528565442100852,1e+09,528565442.100852,"co"
"576","ESL0186","61","5",0.470317083391535,1e+09,470317083.391535,"co"
"577","ESL0261","62","2",0.525453324378778,9.45e+08,496553391.537945,"co"
"578","ESL0350","62","2",0.474143720617864,9.45e+08,448065815.983882,"co"
"579","ESL0261","62","3",0.484843598839084,9.9e+08,479995162.850693,"co"
"580","ESL0350","62","3",0.515156401160916,9.9e+08,510004837.149307,"co"
"581","ESL0261","62","4",0.638684163221284,2.3e+09,1468973575.40895,"co"
"582","ESL0350","62","4",0.359698004673737,2.3e+09,827305410.749596,"co"
"583","ESL0261","62","5",0.39617432459081,1.45e+09,574452770.656675,"co"
"584","ESL0350","62","5",0.60382567540919,1.45e+09,875547229.343325,"co"
"585","ESL0351","63","1",0.0975416336241079,2.1e+09,204837430.610626,"co"
"586","ESL0350","63","1",0.902260111022998,2.1e+09,1894746233.14829,"co"
"587","ESL0351","63","2",0.169101647497669,1.25e+09,211377059.372086,"co"
"588","ESL0350","63","2",0.830069422857735,1.25e+09,1037586778.57217,"co"
"589","ESL0351","63","3",0.248094940662086,1.05e+09,260499687.695191,"co"
"590","ESL0350","63","3",0.750156152404747,1.05e+09,787663960.024984,"co"
"591","ESL0351","63","4",0.166709544635966,1.44e+09,240061744.275791,"co"
"592","ESL0350","63","4",0.832647285824543,1.44e+09,1199012091.58734,"co"
"593","ESL0351","63","5",0.335063709296838,6.85e+08,229518640.868334,"co"
"594","ESL0350","63","5",0.662104766399245,6.85e+08,453541764.983483,"co"
"595","ESL0261","64","1",0.366372319336817,8e+08,293097855.469454,"co"
"596","ESL0186","64","1",0.61776896738151,8e+08,494215173.905208,"co"
"597","ESL0261","64","2",0.33918009382011,2.3e+09,780114215.786253,"co"
"598","ESL0186","64","2",0.605955537426066,2.3e+09,1393697736.07995,"co"
"599","ESL0261","64","4",0.457383548067393,7.3e+08,333889990.089197,"co"
"600","ESL0186","64","4",0.529484638255699,7.3e+08,386523785.92666,"co"
"601","ESL0261","64","5",0.482994253766113,1.95e+09,941838794.84392,"co"
"602","ESL0186","64","5",0.508619350830874,1.95e+09,991807734.120205,"co"
"603","ESL0351","65","1",0.177684371417654,4.05e+09,719621704.241498,"co"
"604","ESL0186","65","1",0.813526939243408,4.05e+09,3294784103.9358,"co"
"605","ESL0351","65","2",0.161332179930796,4e+09,645328719.723183,"co"
"606","ESL0186","65","2",0.838235294117647,4e+09,3352941176.47059,"co"
"607","ESL0351","65","3",0.103725459885608,3.7e+09,383784201.576751,"co"
"608","ESL0186","65","3",0.89619724841552,3.7e+09,3315929819.13742,"co"
"609","ESL0351","65","4",0.121639967417866,5.15e+09,626445832.202009,"co"
"610","ESL0186","65","4",0.878088514797719,5.15e+09,4522155851.20825,"co"
"611","ESL0351","65","5",0.0433692130839168,2.4e+09,104086111.4014,"co"
"612","ESL0186","65","5",0.956421778660257,2.4e+09,2295412268.78462,"co"
"613","ESL0351","66","1",0.193976854287217,1.85e+09,358857180.431352,"co"
"614","ESL0261","66","1",0.805365597054182,1.85e+09,1489926354.55024,"co"
"615","ESL0351","66","2",0.148877020996415,3.9e+09,580620381.886019,"co"
"616","ESL0261","66","2",0.850757187797205,3.9e+09,3317953032.4091,"co"
"617","ESL0351","66","3",0.136172450052576,2.8e+09,381282860.147214,"co"
"618","ESL0261","66","3",0.863091482649842,2.8e+09,2416656151.41956,"co"
"619","ESL0351","66","4",0.0792710706150342,2.9e+09,229886104.783599,"co"
"620","ESL0261","66","4",0.920728929384966,2.9e+09,2670113895.2164,"co"
"621","ESL0185","67","1",0.996970818888627,1.25e+09,1246213523.61078,"mono"
"622","ESL0185","67","4",0.996792301523657,2.15e+09,2143103448.27586,"mono"
"623","ESL0185","67","5",0.997175141242938,3.9e+08,388898305.084746,"mono"
"624","ESL0263","68","2",0.99761999206664,4.8e+08,478857596.191987,"mono"
"625","ESL0263","68","3",0.999075927922378,2.4e+09,2397782227.01371,"mono"
"626","ESL0263","68","4",0.995979769160939,1.05e+08,104577875.761899,"mono"
"627","ESL0353","69","1",0.973244737151594,2.11e+09,2053546395.38986,"mono"
"628","ESL0353","69","4",0.998261877172654,4e+08,399304750.869061,"mono"
"629","ESL0353","69","5",0.951880154346675,1.5e+09,1427820231.52001,"mono"
"630","ESL0183","70","1",0.921351504826803,5.65e+08,520563600.227144,"mono"
"631","ESL0183","70","2",0.926690332700405,2.95e+09,2733736481.46619,"mono"
"632","ESL0183","70","4",0.999100950423838,2.75e+09,2747527613.66555,"mono"
"633","ESL0354","71","1",0.999158367232431,4.1e+09,4096549305.65297,"mono"
"634","ESL0354","71","2",0.998996533479292,2.65e+09,2647340813.72012,"mono"
"635","ESL0354","71","3",0.99933233183108,1.27e+09,1269152061.42547,"mono"
"636","ESL0354","71","4",0.996673840735668,1.27e+09,1265775777.7343,"mono"
"637","wkb8","72","2",0.998568565702834,1.69e+09,1687580876.03779,"mono"
"638","wkb8","72","3",0.999444907021926,1.19e+09,1189339439.35609,"mono"
"639","wkb8","72","4",0.998714102014574,1.42e+09,1418174024.86069,"mono"
"640","ESL0184","73","1",0.99983088110942,1.52e+09,1519742939.28632,"mono"
"641","ESL0184","73","2",0.999786347612435,1.84e+09,1839606879.60688,"mono"
"642","ESL0184","73","3",0.999842221520985,8.7e+08,869862732.723257,"mono"
"643","ESL0184","73","4",1,1.09e+09,1.09e+09,"mono"
"644","ESL0184","73","5",1,2.7e+09,2.7e+09,"mono"
"645","ESL0260","74","1",0.999576390850042,1.95e+09,1949173962.15758,"mono"
"646","ESL0260","74","2",1,4.25e+09,4.25e+09,"mono"
"647","ESL0260","74","4",0.999473822678243,2.1e+09,2098895027.62431,"mono"
"648","ESL0260","74","5",0.999647390691114,2.07e+09,2069270098.73061,"mono"
"649","ESL0350","75","1",0.999719495091164,1.12e+09,1119685834.5021,"mono"
"650","ESL0350","75","2",0.995258790991703,91500000,91066179.3757408,"mono"
"651","ESL0350","75","3",1,3.1e+09,3.1e+09,"mono"
"652","ESL0350","75","4",1,1.46e+09,1.46e+09,"mono"
"653","ESL0186","76","1",0.998624484181568,8.35e+08,833851444.291609,"mono"
"654","ESL0186","76","2",0.996838171888474,3.2e+09,3189882150.04312,"mono"
"655","ESL0186","76","3",0.998109640831758,1.17e+09,1167788279.77316,"mono"
"656","ESL0186","76","4",0.993200404300285,1.89e+09,1877148764.12754,"mono"
"657","ESL0261","77","1",1,3.05e+09,3.05e+09,"mono"
"658","ESL0261","77","2",0.999781133727293,1.2e+09,1199737360.47275,"mono"
"659","ESL0261","77","3",0.949888415500101,2.55e+09,2422215459.52526,"mono"
"660","ESL0261","77","4",0.999855658198614,2.5e+09,2499639145.49654,"mono"
"661","ESL0261","77","5",1,1.65e+09,1.65e+09,"mono"
"662","ESL0351","78","1",0.957068965517241,6.95e+08,665162931.034483,"mono"
"663","ESL0351","78","2",0.911890504704876,8.75e+08,797904191.616766,"mono"
"664","ESL0351","78","3",0.897870896598524,7.5e+09,6734031724.48893,"mono"
